<?xml version="1.0" encoding="utf-8"?>
<metafile version="3.6" client="site">
	<tag>fr-FR</tag>
	<name>French (fr-FR)</name>
	<version>3.6.1.1</version>
	<creationDate>August 2016</creationDate>
	<author>French translation team : joomla.fr</author>
	<authorEmail>traduction@joomla.fr</authorEmail>
	<authorUrl>http://www.joomla.fr</authorUrl>
	<copyright>Copyright (C) 2005 - 2016 Open Source Matters. All rights reserved.</copyright>
	<copyright>joomla.fr</copyright>
	<license>GNU General Public License version 2 or later; see LICENSE.txt</license>
	<description>French site language for Joomla 3</description>
	<metadata>
		<name>French (fr-FR)</name>
		<tag>fr-FR</tag>
		<rtl>0</rtl>
		<locale>fr_FR.utf8, fr_FR.UTF-8, fr_FR.UTF-8@euro, fr_FR, fre_FR, fr, france</locale>
		<firstDay>1</firstDay>
		<weekEnd>0,6</weekEnd>
	</metadata>
	<params />
</metafile>
