﻿<?xml version="1.0" encoding="utf-8"?>
<extension version="2.5" client="site" type="language" method="upgrade">
	<name>French (FR)</name>
    <tag>fr-FR</tag>
	<version>2.5.3</version>
	<creationDate>2012-03-15</creationDate>
	<author>French translation team : joomla.fr</author>
	<authorEmail>traduction@joomla.fr</authorEmail>
	<authorUrl>www.joomla.fr</authorUrl>
    <copyright>Copyright (C) 2005 - 2012 joomla.fr et Open Source Matters. Tous droits réservés</copyright>
	<license>GNU General Public License version 2 or later; see LICENSE.txt</license>
	<description>fr-FR site language</description>
	<files>
        <filename>index.html</filename>
		<filename>fr-FR.com_contact.ini</filename>
		<filename>fr-FR.com_content.ini</filename>
		<filename>fr-FR.com_finder.ini</filename>
		<filename>fr-FR.com_mailto.ini</filename>
		<filename>fr-FR.com_media.ini</filename>
		<filename>fr-FR.com_messages.ini</filename>
		<filename>fr-FR.com_newsfeeds.ini</filename>
		<filename>fr-FR.com_search.ini</filename>
		<filename>fr-FR.com_users.ini</filename>
		<filename>fr-FR.com_weblinks.ini</filename>
		<filename>fr-FR.com_wrapper.ini</filename>
		<filename>fr-FR.files_joomla.sys.ini</filename>
		<filename>fr-FR.finder_cli.ini</filename>
		<filename>fr-FR.ini</filename>
		<filename>fr-FR.lib_joomla.ini</filename>
		<filename>fr-FR.lib_joomla.sys.ini</filename>
		<filename>fr-FR.lib_phpmailer.sys.ini</filename>
		<filename>fr-FR.lib_phputf8.sys.ini</filename>
		<filename>fr-FR.lib_simplepie.sys.ini</filename>
		<filename>fr-FR.localise.php</filename>
		<filename>fr-FR.mod_articles_archive.ini</filename>
		<filename>fr-FR.mod_articles_archive.sys.ini</filename>
		<filename>fr-FR.mod_articles_categories.ini</filename>
		<filename>fr-FR.mod_articles_categories.sys.ini</filename>
		<filename>fr-FR.mod_articles_category.ini</filename>
		<filename>fr-FR.mod_articles_category.sys.ini</filename>
		<filename>fr-FR.mod_articles_latest.ini</filename>
		<filename>fr-FR.mod_articles_latest.sys.ini</filename>
		<filename>fr-FR.mod_articles_news.ini</filename>
		<filename>fr-FR.mod_articles_news.sys.ini</filename>
		<filename>fr-FR.mod_articles_popular.ini</filename>
		<filename>fr-FR.mod_articles_popular.sys.ini</filename>
		<filename>fr-FR.mod_banners.ini</filename>
		<filename>fr-FR.mod_banners.sys.ini</filename>
		<filename>fr-FR.mod_breadcrumbs.ini</filename>
		<filename>fr-FR.mod_breadcrumbs.sys.ini</filename>
		<filename>fr-FR.mod_custom.ini</filename>
		<filename>fr-FR.mod_custom.sys.ini</filename>
		<filename>fr-FR.mod_feed.ini</filename>
		<filename>fr-FR.mod_feed.sys.ini</filename>
		<filename>fr-FR.mod_finder.ini</filename>
		<filename>fr-FR.mod_finder.sys.ini</filename>
		<filename>fr-FR.mod_footer.ini</filename>
		<filename>fr-FR.mod_footer.sys.ini</filename>
		<filename>fr-FR.mod_languages.ini</filename>
		<filename>fr-FR.mod_languages.sys.ini</filename>
		<filename>fr-FR.mod_login.ini</filename>
		<filename>fr-FR.mod_login.sys.ini</filename>
		<filename>fr-FR.mod_menu.ini</filename>
		<filename>fr-FR.mod_menu.sys.ini</filename>
		<filename>fr-FR.mod_random_image.ini</filename>
		<filename>fr-FR.mod_random_image.sys.ini</filename>
		<filename>fr-FR.mod_related_items.ini</filename>
		<filename>fr-FR.mod_related_items.sys.ini</filename>
		<filename>fr-FR.mod_search.ini</filename>
		<filename>fr-FR.mod_search.sys.ini</filename>
		<filename>fr-FR.mod_stats.ini</filename>
		<filename>fr-FR.mod_stats.sys.ini</filename>
		<filename>fr-FR.mod_syndicate.ini</filename>
		<filename>fr-FR.mod_syndicate.sys.ini</filename>
		<filename>fr-FR.mod_users_latest.ini</filename>
		<filename>fr-FR.mod_users_latest.sys.ini</filename>
		<filename>fr-FR.mod_weblinks.ini</filename>
		<filename>fr-FR.mod_weblinks.sys.ini</filename>
		<filename>fr-FR.mod_whosonline.ini</filename>
		<filename>fr-FR.mod_whosonline.sys.ini</filename>
		<filename>fr-FR.mod_wrapper.ini</filename>
		<filename>fr-FR.mod_wrapper.sys.ini</filename>
		<filename>fr-FR.pkg_joomla.sys.ini</filename>
		<filename>fr-FR.tpl_atomic.ini</filename>
		<filename>fr-FR.tpl_atomic.sys.ini</filename>
		<filename>fr-FR.tpl_beez_20.ini</filename>
		<filename>fr-FR.tpl_beez_20.sys.ini</filename>
		<filename>fr-FR.tpl_beez5.ini</filename>
		<filename>fr-FR.tpl_beez5.sys.ini</filename>
		<filename file="meta">install.xml</filename>
		<filename file="meta">fr-FR.xml</filename>
	</files>
	<params />
</extension>